Name,Symbol,Industry
ABR HOLDINGS LIMITED ,533.SI,Consumer Discretionary
ACCORDIA GOLF TRUST ,ADQU.SI,Consumer Discretionary
AF GLOBAL LIMITED,L38.SI,Consumer Discretionary
ALIBABA PICTURES GROUP LIMITED,S91.SI,Consumer Discretionary
AMARA HOLDINGS LTD ,A34.SI,Consumer Discretionary
ARION ENTERTAINMENT SING LTD ,5VU.SI,Consumer Discretionary
ASIA FASHION HOLDINGS LIMITED,BQI.SI,Consumer Discretionary
ASIA-PACIFIC STRATEGIC INV LTD,5RA.SI,Consumer Discretionary
ASIAN PAY TELEVISION TRUST,S7OU.SI,Consumer Discretionary
ASIATRAVEL.COM HOLDINGS LTD,5AM.SI,Consumer Discretionary
ASTAKA HOLDINGS LIMITED ,42S.SI,Consumer Discretionary
BANYAN TREE HOLDINGS LIMITED,B58.SI,Consumer Discretionary
CACOLA FURNITURE INTL LIMITED ,D2U.SI,Consumer Discretionary
CAMSING HEALTHCARE LIMITED,BAC.SI,Consumer Discretionary
CASA HOLDINGS LIMITED ,C04.SI,Consumer Discretionary
CENTURION CORPORATION LIMITED ,OU8.SI,Consumer Discretionary
CHALLENGER TECHNOLOGIES LTD,573.SI,Consumer Discretionary
CHASWOOD RESOURCES HLDGS LTD. ,5TW.SI,Consumer Discretionary
CHINA ENVIRONMENT LTD. ,5OU.SI,Consumer Discretionary
CHINA FIBRETECH LTD. ,AXL.SI,Consumer Discretionary
CHINA GAOXIAN FIBREFAB HLDGLTD,AZZ.SI,Consumer Discretionary
CHINA JISHAN HOLDINGS LIMITED,J18.SI,Consumer Discretionary
"CHINA SKY CHEM FIBRE CO., LTD.",E90.SI,Consumer Discretionary
CHINA SPORTS INTL LIMITED ,FQ8.SI,Consumer Discretionary
CHINA TAISAN TECH GRP HLDGSLTD,AZW.SI,Consumer Discretionary
CHOO CHIANG HOLDINGS LTD.,42E.SI,Consumer Discretionary
COMBINE WILL INTL HLDGS LTD ,N0Z.SI,Consumer Discretionary
CORTINA HOLDINGS LIMITED ,C41.SI,Consumer Discretionary
COURTS ASIA LIMITED,RE2.SI,Consumer Discretionary
DAPAI INTL HLDG CO. LTD. ,FP1.SI,Consumer Discretionary
DUTY FREE INTERNATIONALLIMITED,5SO.SI,Consumer Discretionary
EPICENTRE HOLDINGS LIMITED ,5MQ.SI,Consumer Discretionary
EUROSPORTS GLOBAL LIMITED ,5G1.SI,Consumer Discretionary
F J BENJAMIN HOLDINGS LTD,F10.SI,Consumer Discretionary
FORELAND FABRICTECH HLDS LTD ,B0I.SI,Consumer Discretionary
FORISE INTERNATIONAL LIMITED ,I5H.SI,Consumer Discretionary
FUXING CHINA GROUP LIMITED ,AWK.SI,Consumer Discretionary
GENTING HONG KONG LIMITED ,S21.SI,Consumer Discretionary
GENTING SINGAPORE PLC ,G13.SI,Consumer Discretionary
GL LIMITED ,B16.SI,Consumer Discretionary
GLOBAL YELLOW PAGES LIMITED,AWS.SI,Consumer Discretionary
HL GLOBAL ENTERPRISES LIMITED ,AVX.SI,Consumer Discretionary
HOTEL GRAND CENTRAL LTD ,H18.SI,Consumer Discretionary
HOTEL PROPERTIES LTD ,H15.SI,Consumer Discretionary
HOTEL ROYAL LTD,H12.SI,Consumer Discretionary
INFORMATICS EDUCATION LTD.,BOU.SI,Consumer Discretionary
ISETAN ,ISET.SI,Consumer Discretionary
JACKSPEED CORPORATION LIMITED ,J17.SI,Consumer Discretionary
JAPAN FOODS HOLDING LTD. ,5OI.SI,Consumer Discretionary
JARDINE CYCLE & CARRIAGE LTD,C07.SI,Consumer Discretionary
JASON HOLDINGS LIMITED ,5I3.SI,Consumer Discretionary
JOYAS INTERNATIONAL HLDGS LTD ,E9L.SI,Consumer Discretionary
JUMBO GROUP LIMITED ,42R.SI,Consumer Discretionary
KATRINA GROUP LTD.,1A0.SI,Consumer Discretionary
KIMLY LIMITED,1D0.SI,Consumer Discretionary
KITCHEN CULTURE HOLDINGS LTD.,5TI.SI,Consumer Discretionary
KODA LTD ,BJZ.SI,Consumer Discretionary
KOP LIMITED ,5I1.SI,Consumer Discretionary
LASSETERS INTL HOLDINGS LTD,5EL.SI,Consumer Discretionary
LIFEBRANDZ LTD.,1D3.SI,Consumer Discretionary
LORENZO INTERNATIONAL LIMITED ,5IE.SI,Consumer Discretionary
LY CORPORATION LIMITED ,1H8.SI,Consumer Discretionary
M DEVELOPMENT LTD. ,N14.SI,Consumer Discretionary
MANDARIN ORIENTAL INTL LTD ,M04.SI,Consumer Discretionary
MARY CHIA HOLDINGS LIMITED ,5OX.SI,Consumer Discretionary
MEMORIES GROUP LIMITED ,1H4.SI,Consumer Discretionary
MERCURIUS CAP INVESTMENT LTD,5RF.SI,Consumer Discretionary
METRO HOLDINGS LIMITED ,M01.SI,Consumer Discretionary
MINDCHAMPS PRESCHOOL LIMITED,CNE.SI,Consumer Discretionary
MM2 ASIA LTD.,1B0.SI,Consumer Discretionary
MONEYMAX FINANCIAL SERVICESLTD ,5WJ.SI,Consumer Discretionary
NO SIGNBOARD HOLDINGS LTD.,1G6.SI,Consumer Discretionary
NOEL GIFTS INTERNATIONAL LTD,543.SI,Consumer Discretionary
OSSIA INTERNATIONAL LTD,O08.SI,Consumer Discretionary
OUE LIMITED ,LJ3.SI,Consumer Discretionary
OVERSEAS EDUCATION LIMITED,RQ1.SI,Consumer Discretionary
PARKSON RETAIL ASIA LIMITED ,O9E.SI,Consumer Discretionary
PAVILLON HOLDINGS LTD. ,596.SI,Consumer Discretionary
PINE CAPITAL GROUP LIMITED ,ADJ.SI,Consumer Discretionary
PLASTOFORM HOLDINGS LIMITED,AYD.SI,Consumer Discretionary
QIAN HU CORPORATION LIMITED ,BCV.SI,Consumer Discretionary
QINGMEI GROUP HOLDINGS LIMITED,KT9.SI,Consumer Discretionary
RAFFLES EDUCATION CORP LTD ,NR7.SI,Consumer Discretionary
RE&S HOLDINGS LIMITED ,1G1.SI,Consumer Discretionary
SAKAE HOLDINGS LTD. ,5DO.SI,Consumer Discretionary
SAN TEH LIMITED,S46.SI,Consumer Discretionary
SECOND CHANCE PROPERTIES LTD,528.SI,Consumer Discretionary
SHANGRI-LA ASIA LIMITED ,S07.SI,Consumer Discretionary
SHOPPER360 LIMITED,1F0.SI,Consumer Discretionary
SINGAPORE PRESS HLDGS LTD ,T39.SI,Consumer Discretionary
SITRA HOLDINGS ,5LE.SI,Consumer Discretionary
SMJ INTERNATIONAL HOLDINGSLTD.,40B.SI,Consumer Discretionary
SOO KEE GROUP LTD.,42G.SI,Consumer Discretionary
SOUP RESTAURANT GROUP LIMITED,5KI.SI,Consumer Discretionary
SPACKMAN ENTERTAINMENT GRP LTD ,40E.SI,Consumer Discretionary
SRI TRANG AGRO-INDUSTRY PCL,NC2.SI,Consumer Discretionary
STAMFORD LAND CORPORATION LTD,H07.SI,Consumer Discretionary
STAMFORD TYRES CORPORATIONLTD,S29.SI,Consumer Discretionary
STRACO CORPORATION LIMITED ,S85.SI,Consumer Discretionary
THAKRAL CORPORATION LTD,AWI.SI,Consumer Discretionary
THE HOUR GLASS LIMITED ,AGS.SI,Consumer Discretionary
TLV HOLDINGS LIMITED ,42L.SI,Consumer Discretionary
TMC EDUCATION CORPORATION LTD,586.SI,Consumer Discretionary
TRANSCORP HOLDINGS LIMITED,T19.SI,Consumer Discretionary
TRAVELITE HOLDINGS LTD. ,BCZ.SI,Consumer Discretionary
TSH CORPORATION LIMITED ,574.SI,Consumer Discretionary
TT INTERNATIONAL LIMITED ,T09.SI,Consumer Discretionary
TUNG LOK RESTAURANTS 2000 LTD ,540.SI,Consumer Discretionary
TYE SOON LTD,BFU.SI,Consumer Discretionary
UNUSUAL LIMITED,1D1.SI,Consumer Discretionary
VASHION GROUP LTD.,1F4.SI,Consumer Discretionary
Y VENTURES GROUP LTD. ,1F1.SI,Consumer Discretionary
YHI INTERNATIONAL LIMITED ,BPF.SI,Consumer Discretionary
ZHONGMIN BAIHUI RETAIL GRP LTD,5SR.SI,Consumer Discretionary
BEST WORLD INTERNATIONAL LTD,CGN.SI,Consumer Staples
BREADTALK GROUP LIMITED ,5DA.SI,Consumer Staples
BUMITAMA AGRI LTD.,P8Z.SI,Consumer Staples
CHEW'S GROUP LIMITED ,5SY.SI,Consumer Staples
CHINA ESSENCE GROUP LTD. ,G54.SI,Consumer Staples
CHINA FISHERY GROUP LIMITED,B0Z.SI,Consumer Staples
CHINA KANGDA FOOD COMPANY LTD,P74.SI,Consumer Staples
CHINA STAR FOOD GROUP LIMITED,42W.SI,Consumer Staples
DAIRY FARM INT'L HOLDINGS LTD,D01.SI,Consumer Staples
DEL MONTE PACIFIC LIMITED ,D03.SI,Consumer Staples
DELFI LIMITED,P34.SI,Consumer Staples
DUKANG DISTILLERS HLDGS LTD ,BKV.SI,Consumer Staples
EDITION LTD. ,5HG.SI,Consumer Staples
ENVICTUS INTERNATIONAL HLDGLTD ,BQD.SI,Consumer Staples
FIRST RESOURCES LIMITED ,EB5.SI,Consumer Staples
FOOD EMPIRE HOLDINGS LIMITED,F03.SI,Consumer Staples
"FRASER AND NEAVE, LIMITED ",F99.SI,Consumer Staples
GLOBAL PALM RESOURCES HLGS LTD,BLW.SI,Consumer Staples
GOLDEN AGRI-RESOURCES LTD,E5H.SI,Consumer Staples
HANWELL HOLDINGS LIMITED ,DM0.SI,Consumer Staples
HLH GROUP LIMITED,H27.SI,Consumer Staples
HOSEN GROUP LTD,5EV.SI,Consumer Staples
INDOFOOD AGRI RESOURCES LTD.,5JS.SI,Consumer Staples
JAPFA LTD. ,UD2.SI,Consumer Staples
JB FOODS LIMITED,BEW.SI,Consumer Staples
KENCANA AGRI LIMITED ,BNE.SI,Consumer Staples
KHONG GUAN LIMITED ,K03.SI,Consumer Staples
LUZHOU BIO-CHEM TECHNOLOGY LTD,L46.SI,Consumer Staples
MEWAH INTERNATIONAL INC.,MV4.SI,Consumer Staples
NUTRYFARM INTERNATIONAL LTD,AZT.SI,Consumer Staples
OCEANUS GROUP LIMITED ,579.SI,Consumer Staples
OLAM INTERNATIONAL LIMITED ,O32.SI,Consumer Staples
OLD CHANG KEE LTD.,5ML.SI,Consumer Staples
PACIFIC ANDES RESOURCES DEVLTD,P11.SI,Consumer Staples
QAF LTD ,Q01.SI,Consumer Staples
SHENG SIONG GROUP LTD ,OV8.SI,Consumer Staples
SINO GRANDNESS FOOD IND GP LTD,T4B.SI,Consumer Staples
SUNMOON FOOD COMPANY LIMITED,AAJ.SI,Consumer Staples
THAI BEVERAGE PUBLIC CO LTD,Y92.SI,Consumer Staples
UNITED FOOD HOLDINGS LIMITED,AZR.SI,Consumer Staples
WILMAR INTERNATIONAL LIMITED ,F34.SI,Consumer Staples
YAMADA GREEN RESOURCES LIMITED,BJV.SI,Consumer Staples
YEO HIAP SENG LTD,Y03.SI,Consumer Staples
ZHONGXIN FRUIT AND JUICE LTD ,5EG.SI,Consumer Staples
ADVANCED HOLDINGS LTD. ,BLZ.SI,Energy
ALPHA ENERGY HOLDINGS LIMITED,5TS.SI,Energy
ANAN INTERNATIONAL LIMITED ,Y35.SI,Energy
ANNICA HOLDINGS LIMITED ,5AL.SI,Energy
ATLANTIC NAVIGATION HLDG,5UL.SI,Energy
BAKER TECHNOLOGY LIMITED ,BTP.SI,Energy
BLACKGOLD NATURAL RESOURCESLTD,41H.SI,Energy
BOUSTEAD SINGAPORE LIMITED,F9D.SI,Energy
CH OFFSHORE LTD,C13.SI,Energy
CHINA AVIATION OIL,G92.SI,Energy
COSMOSTEEL HOLDINGS LIMITED,B9S.SI,Energy
CWX GLOBAL LIMITED,594.SI,Energy
DYNA-MAC HOLDINGS LTD. ,NO4.SI,Energy
EMAS OFFSHORE LIMITED ,UQ4.SI,Energy
EMS ENERGY LIMITED,42O.SI,Energy
EZION HOLDINGS LIMITED ,5ME.SI,Energy
EZRA HOLDINGS LIMITED ,5DN.SI,Energy
FALCON ENERGY GROUP LIMITED,5FL.SI,Energy
GAYLIN HOLDINGS LIMITED ,RF7.SI,Energy
GEO ENERGY RESOURCES LIMITED,RE4.SI,Energy
GOLDEN ENERGY AND RESOURCESLTD,AUE.SI,Energy
HAI LECK HOLDINGS LIMITED ,BLH.SI,Energy
HEATEC JIETONG HOLDINGS LTD.,5OR.SI,Energy
HENGYANG PETROCHEM LOG LIMITED ,5PD.SI,Energy
HIAP SENG ENGINEERING LTD,510.SI,Energy
IEV HOLDINGS LIMITED ,5TN.SI,Energy
INTERRA RESOURCES LIMITED ,5GI.SI,Energy
JASPER INVESTMENTS LIMITED ,FQ7.SI,Energy
KIMHENG OFFSHORE&MARINE HLDLTD ,5G2.SI,Energy
KRISENERGY LTD.,SK3.SI,Energy
LERENO BIO-CHEM LTD. ,42H.SI,Energy
LINC ENERGY LTD,BRE.SI,Energy
MAGNUS ENERGY GROUP LTD. ,41S.SI,Energy
MENCAST HOLDINGS LTD. ,5NF.SI,Energy
MERMAID MARITIME PUBLIC CO LTD,DU4.SI,Energy
MIRACH ENERGY LIMITED ,AWO.SI,Energy
MTQ CORPORATION LIMITED ,M05.SI,Energy
NAUTICAWT LIMITED,42D.SI,Energy
NEW SILKROUTES GROUP LIMITED,BMT.SI,Energy
OUHUA ENERGY HOLDINGS LIMITED,AJ2.SI,Energy
PACC OFFSHORE SVCS HLDG LTD. ,U6C.SI,Energy
PACIFIC RADIANCE LTD. ,T8V.SI,Energy
RESOURCES PRIMA GROUP LIMITED,5MM.SI,Energy
REX INTERNATIONAL HOLDING LTD,5WH.SI,Energy
RH PETROGAS LIMITED ,T13.SI,Energy
SHS HOLDINGS LTD.,566.SI,Energy
SINOSTAR PEC HOLDINGS LIMITED,C9Q.SI,Energy
SWIBER HOLDINGS LIMITED ,BGK.SI,Energy
SWISSCO HOLDINGS LIMITED ,ADP.SI,Energy
TECHNICS OIL & GAS LIMITED ,5CQ.SI,Energy
UNIVERSAL RESOURCE & SVCS LTD ,BGO.SI,Energy
USP GROUP LIMITED,BRS.SI,Energy
VALLIANZ HOLDINGS LIMITED ,545.SI,Energy
VIKING OFFSHORE AND MARINE LTD,557.SI,Energy
ATTILAN GROUP LIMITED ,5ET.SI,Financials
BRITISH & MALAYAN HLDG LIMITED,CJN.SI,Financials
DBS GROUP HOLDINGS LTD,D05.SI,Financials
FIRST SHIP LEASE TRUST ,D8DU.SI,Financials
GLOBAL INVESTMENTS LIMITED ,B73.SI,Financials
GREAT EASTERN HLDGS LTD ,G07.SI,Financials
HONG LEONG FINANCE LIMITED,S41.SI,Financials
HOTUNG INVESTMENT HLDGS LTD ,BLS.SI,Financials
IFS CAPITAL LIMITED,I49.SI,Financials
INNOPAC HOLDINGS LIMITED ,I26.SI,Financials
ISR CAPITAL LIMITED,5EC.SI,Financials
MAXI-CASH FIN SVCS CORP LTD ,5UF.SI,Financials
NET PACIFIC FIN HLDGS LTD ,5QY.SI,Financials
"NOMURA HOLDINGS, INC ",N33.SI,Financials
OVERSEA-CHINESE BANKING CORP,O39.SI,Financials
PACIFIC CENTURY REGIONAL DEVTS,P15.SI,Financials
PRUDENTIAL PLC,K6S.SI,Financials
ROWSLEY LTD.,A50.SI,Financials
SING INVESTMENTS & FINANCE LTD ,S35.SI,Financials
SINGAPORE EXCHANGE LIMITED,S68.SI,Financials
SINGAPORE REINSURANCE COR LTD ,S49.SI,Financials
SINGAPURA FINANCE LTD ,S23.SI,Financials
THE TRENDLINES GROUP LTD. ,42T.SI,Financials
TIH LIMITED ,T55.SI,Financials
UNI-ASIA GROUP LIMITED ,CHJ.SI,Financials
UNITED OVERSEAS BANK LTD ,U11.SI,Financials
UNITED OVERSEAS INSURANCE LTD,U13.SI,Financials
UOB-KAY HIAN HOLDINGS LIMITED,U10.SI,Financials
VALUEMAX GROUP LIMITED ,T6I.SI,Financials
AOXIN Q & M DENTAL GRP LIMITED ,1D4.SI,Healthcare
ASIAMEDIC LIMITED,505.SI,Healthcare
CLEARBRIDGE HEALTH LIMITED,1H3.SI,Healthcare
CORDLIFE GROUP LIMITED ,P8A.SI,Healthcare
HAW PAR CORP LTD,H02.SI,Healthcare
HC SURGICAL SPECIALISTSLIMITED,1B1.SI,Healthcare
HEALTH MANAGEMENT INTL LTD ,588.SI,Healthcare
HEALTHWAY MEDICAL CORP LTD ,5NG.SI,Healthcare
IHH HEALTHCARE BERHAD ,Q0F.SI,Healthcare
ISEC HEALTHCARE LTD. ,40T.SI,Healthcare
IX BIOPHARMA LTD.,42C.SI,Healthcare
LONZA GROUP LTD,O6Z.SI,Healthcare
MEDTECS INTERNATIONAL CORP LTD ,546.SI,Healthcare
OUE LIPPO HEALTHCARE LTD,5WA.SI,Healthcare
PHARMESIS INTERNATIONAL LTD.,BFK.SI,Healthcare
Q & M DENTAL GROUP ,QC7.SI,Healthcare
QT VASCULAR LTD.,5I0.SI,Healthcare
RAFFLES MEDICAL GROUP LTD ,BSL.SI,Healthcare
RHT HEALTH TRUST,RF1U.SI,Healthcare
SINGAPORE MEDICAL GROUP LTD ,5OT.SI,Healthcare
SINGAPORE O&G LTD.,1D8.SI,Healthcare
STAR PHARMACEUTICAL LIMITED ,AYL.SI,Healthcare
SUNTAR ECO-CITY LIMITED ,BKZ.SI,Healthcare
TALKMED GROUP LIMITED ,5G3.SI,Healthcare
TECHCOMP ,TECC.SI,Healthcare
TIANJIN ZHONG XIN PHARM GROUP,T14.SI,Healthcare
TOP GLOVE CORPORATION BHD,BVA.SI,Healthcare
UG HEALTHCARE CORPORATION LTD,41A.SI,Healthcare
VICPLAS INTERNATIONAL LTD,569.SI,Healthcare
800 SUPER HOLDINGS LIMITED ,5TG.SI,Industrials
A-SMART HOLDINGS LTD. ,BQC.SI,Industrials
A-SONIC AEROSPACE LIMITED ,BTJ.SI,Industrials
ABTERRA LTD ,L5I.SI,Industrials
ABUNDANCE INTERNATIONAL LTD,541.SI,Industrials
ACESIAN PARTNERS LIMITED ,5FW.SI,Industrials
ACMA LTD. ,AYV.SI,Industrials
ACROMEC LIMITED,43F.SI,Industrials
ADVANCER GLOBAL LIMITED ,43Q.SI,Industrials
AEI CORPORATION LTD ,AWG.SI,Industrials
ALLIED TECHNOLOGIES LIMITED ,A13.SI,Industrials
ASIA ENTERPRISES HOLDING LTD ,A55.SI,Industrials
ASIAN MICRO HOLDINGS LTD,585.SI,Industrials
ASIATIC GROUP ,5CR.SI,Industrials
ASL MARINE HOLDINGS LTD,A04.SI,Industrials
AUSGROUP LIMITED,5GJ.SI,Industrials
AVIC INTL MARITIME HLDGLIMITED ,O2I.SI,Industrials
AXCELASIA INC.,42U.SI,Industrials
BBR HOLDINGS ,KJ5.SI,Industrials
BENG KUANG MARINE LIMITED ,BEZ.SI,Industrials
BH GLOBAL CORPORATION LIMITED ,BQN.SI,Industrials
BLUMONT GROUP LTD. ,A33.SI,Industrials
BOARDROOM LIMITED,B10.SI,Industrials
BOLDTEK HOLDINGS LIMITED ,5VI.SI,Industrials
BONVESTS HOLDINGS LTD ,B28.SI,Industrials
BOUSTEAD PROJECTS LIMITED ,AVM.SI,Industrials
BRC ASIA LIMITED,BEC.SI,Industrials
BROOK CROMPTON HOLDINGS LTD.,AWC.SI,Industrials
CFM HOLDINGS LIMITED ,5EB.SI,Industrials
CHARISMA ENERGY SERVICES LTD ,5QT.SI,Industrials
CHASEN HOLDINGS LIMITED ,5NV.SI,Industrials
CHEUNG WOH TECHNOLOGIES LTD,C50.SI,Industrials
CHINA BEARING ,AD7.SI,Industrials
CHINA GREAT LAND HOLDINGS LTD.,D50.SI,Industrials
CHINA HAIDA LTD.,C92.SI,Industrials
CHINA KUNDA TECH HOLDINGS LTD,GU5.SI,Industrials
CHINA MEDICAL ,5IB.SI,Industrials
CHINESE GLOBAL INVESTORS GRP,5CJ.SI,Industrials
CHIP ENG SENG CORPORATION LTD,C29.SI,Industrials
CITIC ENVIROTECH LTD. ,CEE.SI,Industrials
CITYNEON HOLDINGS LIMITED ,5HJ.SI,Industrials
CIVMEC LIMITED,P9D.SI,Industrials
CNA GROUP LTD.,5GC.SI,Industrials
COLEX HOLDINGS LIMITED ,567.SI,Industrials
COMFORTDELGRO CORPORATION LTD,C52.SI,Industrials
COMPACT METAL INDUSTRIES LTD,T4E.SI,Industrials
COSCO SHIPPING INTL,CSB.SG,Industrials
COURAGE INVESTMENT GRP LIMITED ,CIN.SI,Industrials
CSC HOLDINGS LTD,C06.SI,Industrials
DARCO WATER TECHNOLOGIES LTD,BLR.SI,Industrials
DESIGN STUDIO GROUP LTD. ,D11.SI,Industrials
DUTECH HOLDINGS LIMITED ,CZ4.SI,Industrials
ECOWISE HOLDINGS LIMITED ,5CT.SI,Industrials
EINDEC CORPORATION LIMITED ,42Z.SI,Industrials
ES GROUP (HOLDINGS),5RC.SI,Industrials
FAR EAST GROUP LIMITED ,5TJ.SI,Industrials
FEDERAL INT (2000),BDU.SI,Industrials
FIGTREE HOLDINGS LIMITED ,5F4.SI,Industrials
FRENCKEN GROUP LIMITED ,E28.SI,Industrials
FU YU CORPORATION LTD ,F13.SI,Industrials
FUJI OFFSET PLATES MFG LTD ,508.SI,Industrials
G. K. GOH HOLDINGS LIMITED ,G41.SI,Industrials
GALLANT VENTURE LTD. ,5IG.SI,Industrials
GDS GLOBAL LIMITED,5VP.SI,Industrials
GKE CORPORATION LIMITED ,595.SI,Industrials
GRAND BANKS YACHTS LIMITED,G50.SI,Industrials
GREEN BUILD TECHNOLOGY LIMITED ,Y06.SI,Industrials
GS HOLDINGS LIMITED ,43A.SI,Industrials
GUOAN INTERNATIONAL LIMITED ,G11.SI,Industrials
HAFARY HOLDINGS LIMITED ,5VS.SI,Industrials
HALCYON AGRI CORPORATION LTD,5VJ.SI,Industrials
HG METAL MANUFACTURING LTD,BTG.SI,Industrials
HIAP TONG CORPORATION LTD.,5PO.SI,Industrials
HOCK LIAN SENG HOLDINGS LTD,J2T.SI,Industrials
HOE LEONG CORPORATION LTD.,H20.SI,Industrials
HONG LEONG ASIA LTD. ,H22.SI,Industrials
HOR KEW CORPORATION LIMITED ,BBP.SI,Industrials
HRNETGROUP LIMITED ,CHZ.SI,Industrials
HU AN CABLE HOLDINGS LTD.,KI3.SI,Industrials
HUATIONG GLOBAL LIMITED ,41B.SI,Industrials
HUPSTEEL LTD,BMH.SI,Industrials
HUTCHISON PORT HLDGS TRUST S$,P7VU.SI,Industrials
HUTCHISON PORT HOLDINGS TRUST,NS8U.SI,Industrials
ICP LTD ,5I4.SI,Industrials
INNOTEK LIMITED,M14.SI,Industrials
INTRACO LIMITED,I06.SI,Industrials
ISDN HOLDINGS LIMITED ,I07.SI,Industrials
ISOTEAM LTD.,5WF.SI,Industrials
JARDINE MATHESON HLDGS LTD ,J36.SI,Industrials
JARDINE STRATEGIC HLDGS LTD ,J37.SI,Industrials
JASON MARINE GROUP LIMITED,5PF.SI,Industrials
JEP HOLDINGS LTD.,5FA.SI,Industrials
JUBILEE INDUSTRIES HLDGS LTD. ,5OS.SI,Industrials
KEONG HONG HOLDINGS LIMITED,5TT.SI,Industrials
KEPPEL CORPORATION LIMITED ,BN4.SI,Industrials
KEPPEL TELE & TRAN,K11.SI,Industrials
KING WAN CORPORATION LIMITED ,554.SI,Industrials
KINGSMEN CREATIVES LTD,5MZ.SI,Industrials
KLW HOLDINGS LTD,504.SI,Industrials
KOH BROTHERS ECO ENGG LIMITED,5HV.SI,Industrials
KOH BROTHERS GROUP LIMITED,K75.SI,Industrials
KOON HOLDINGS LIMITED ,5DL.SI,Industrials
KORI HOLDINGS LIMITED ,5VC.SI,Industrials
KOYO INTERNATIONAL LIMITED ,5OC.SI,Industrials
KS ENERGY LIMITED,578.SI,Industrials
KSH HOLDINGS LIMITED ,ER0.SI,Industrials
KTL GLOBAL LIMITED,EB7.SI,Industrials
LEADER ENVIRONMENTAL TECH LTD ,LS9.SI,Industrials
LEY CHOON GROUP HLDG LIMITED,Q0X.SI,Industrials
LIAN BENG GROUP LTD ,L03.SI,Industrials
LIBRA GROUP LIMITED,5TR.SI,Industrials
LOW KENG HUAT,F1E.SI,Industrials
LUM CHANG HOLDINGS LIMITED,L19.SI,Industrials
LUNG KEE BERMUDA,L09.SI,Industrials
LUXKING GROUP HOLDINGS LIMITED,BKK.SI,Industrials
MANHATTAN RESOURCES LIMITED,L02.SI,Industrials
MARCO POLO MARINE LTD. ,5LY.SI,Industrials
MEGACHEM LIMITED,5DS.SI,Industrials
MERCATOR LINES ,EE6.SI,Industrials
METAL COMPONENT ENGG LTD ,5DX.SI,Industrials
METECH INTERNATIONAL LIMITED ,QG1.SI,Industrials
MIYOSHI LIMITED,M03.SI,Industrials
MMP RESOURCES LIMITED ,F3V.SI,Industrials
MOYA HOLDINGS ASIA LIMITED ,5WE.SI,Industrials
MS HOLDINGS LIMITED ,40U.SI,Industrials
MSM INTERNATIONAL LIMITED ,5QR.SI,Industrials
MUN SIONG ENGINEERING LIMITED ,MF6.SI,Industrials
NAM CHEONG LIMITED ,N4E.SI,Industrials
NAM LEE PRESSED METAL INDS LTD,G0I.SI,Industrials
NATURAL COOL HOLDINGS LIMITED,5IF.SI,Industrials
NEO GROUP LIMITED,5UJ.SI,Industrials
NEW WAVE HOLDINGS LTD.,5FX.SI,Industrials
NIPPECRAFT LIMITED,N32.SI,Industrials
NOBLE GROUP LIMITED ,CGP.SI,Industrials
NORDIC GROUP LIMITED ,MR7.SI,Industrials
OKH GLOBAL LTD.,S3N.SI,Industrials
OKP HOLDINGS LIMITED ,5CF.SI,Industrials
P5 CAPITAL HOLDINGS LTD.,5AI.SI,Industrials
PAN ASIAN HOLDINGS LIMITED ,5EW.SI,Industrials
"PAN OCEAN CO., LTD.",AZY.SI,Industrials
PAN-UNITED CORPORATION LTD,P52.SI,Industrials
PEC LTD. ,IX2.SI,Industrials
PENGUIN INTERNATIONAL LIMITED ,BTM.SI,Industrials
PROGEN HOLDINGS LTD ,583.SI,Industrials
PS GROUP HOLDINGS LTD. ,5WD.SI,Industrials
PSL HOLDINGS LTD,BLL.SI,Industrials
RAFFLES UNITED HOLDINGS LTD.,K22.SI,Industrials
RAMBA ENERGY LIMITED ,R14.SI,Industrials
RIVERSTONE HOLDINGS LIMITED,AP4.SI,Industrials
RYOBI KISO HOLDINGS LTD.,BDN.SI,Industrials
SAMUDERA SHIPPING LINE LTD ,S56.SI,Industrials
SANLI ENVIRONMENTAL LIMITED ,1E3.SI,Industrials
SANTAK HOLDINGS LIMITED ,580.SI,Industrials
SAPPHIRE CORPORATION LIMITED ,BRD.SI,Industrials
SARINE TECHNOLOGIES LTD,U77.SI,Industrials
SATS LTD. ,S58.SI,Industrials
SBI OFFSHORE LIMITED ,5PL.SI,Industrials
SBS TRANSIT LTD,S61.SI,Industrials
SECURA GROUP LIMITED ,43B.SI,Industrials
SEMBCORP INDUSTRIES LTD,U96.SI,Industrials
SEMBCORP MARINE LTD ,S51.SI,Industrials
SEN YUE HOLDINGS LIMITED ,5BS.SI,Industrials
SEROJA INVESTMENTS LIMITED ,IW5.SI,Industrials
SERRANO LIMITED,40R.SI,Industrials
SHANGHAI TURBO ENTERPRISES LTD,AWM.SI,Industrials
SHINVEST HOLDING LTD. ,BJW.SI,Industrials
SIA ENGINEERING CO LTD ,S59.SI,Industrials
SIN GHEE HUAT CORPORATION LTD.,B7K.SI,Industrials
SIN HENG HEAVY MACHINERY LTD,BKA.SI,Industrials
SINCAP GROUP LIMITED ,5UN.SI,Industrials
SINGAPORE AIRLINES LTD ,C6L.SI,Industrials
SINGAPORE EDEVELOPMENT LTD,40V.SI,Industrials
SINGAPORE KITCHEN EQUIPMENTLTD,5WG.SI,Industrials
SINGAPORE MYANMAR INVESTCO LTD ,Y45.SI,Industrials
SINGAPORE POST LIMITED ,S08.SI,Industrials
SINGAPORE SHIPPING CORP LTD ,S19.SI,Industrials
SINGAPORE TECH ENGINEERING LTD,S63.SI,Industrials
SINWA LIMITED,5CN.SI,Industrials
SOILBUILD CONSTRUCTION GRP LTD ,S7P.SI,Industrials
SOON LIAN HOLDINGS LIMITED ,5MD.SI,Industrials
SP CORPORATION LIMITED ,AWE.SI,Industrials
SPINDEX INDUSTRIES LIMITED ,564.SI,Industrials
STARBURST HOLDINGS LIMITED,40D.SI,Industrials
SUNNINGDALE TECH LTD ,BHQ.SI,Industrials
SUNPOWER GROUP LTD. ,5GD.SI,Industrials
SUNRISE SHARES HOLDINGS LTD.,581.SI,Industrials
SWEE HONG LIMITED,QF6.SI,Industrials
SYSMA HOLDINGS LIMITED ,5UO.SI,Industrials
TA CORPORATION LTD,PA3.SI,Industrials
TAI SIN ELECTRIC LIMITED ,500.SI,Industrials
TAT HONG HOLDINGS LTD ,T03.SI,Industrials
TECKWAH INDUSTRIAL CORP LTD ,561.SI,Industrials
TEE INTERNATIONAL LIMITED ,M1Z.SI,Industrials
TEHO INTERNATIONAL INC LTD. ,5OQ.SI,Industrials
TIONG SENG HOLDINGS LIMITED,BFI.SI,Industrials
TIONG WOON CORP HOLDING LTD,BQM.SI,Industrials
TRITECH GROUP LIMITED ,5G9.SI,Industrials
TRIYARDS HOLDINGS LIMITED ,RC5.SI,Industrials
TTJ HOLDINGS LIMITED ,K1Q.SI,Industrials
UNION STEEL HOLDINGS LIMITED,BLA.SI,Industrials
UNITED ENGINEERS LTD ORD ,U04.SI,Industrials
VARD HOLDINGS LIMITED ,MS7.SI,Industrials
VERSALINK HOLDINGS LIMITED,40N.SI,Industrials
VIBRANT GROUP LIMITED ,BIP.SI,Industrials
VIBROPOWER CORPORATION LIMITED ,BJD.SI,Industrials
VICOM LTD ,V01.SI,Industrials
WEE HUR HOLDINGS LTD. ,E3B.SI,Industrials
WONG FONG INDUSTRIES LIMITED,1A1.SI,Industrials
WORLD PRECISION MACHINERY LTD,B49.SI,Industrials
XMH HOLDINGS LTD.,BQF.SI,Industrials
YANGZIJIANG SHIPBLDG HLDGS LTD,BS6.SI,Industrials
YANGZIJIANG SHIPBLDG HLDGS RMB ,SO7.SI,Industrials
YONGMAO HOLDINGS LIMITED ,BKX.SI,Industrials
YONGNAM HOLDINGS LIMITED ,AXB.SI,Industrials
YORKSHINE HOLDINGS LIMITED,MR8.SI,Industrials
ZICO HOLDINGS INC.,40W.SI,Industrials
8TELECOM INTL HOLDINGS CO LTD,AZG.SI,Information Technology
AA GROUP HOLDINGS LTD. ,5GZ.SI,Information Technology
ACCRELIST LTD.,5RJ.SI,Information Technology
ADDVALUE TECHNOLOGIES LTD,A31.SI,Information Technology
ADVANCED SYSTEMS AUTOMATION ,5TY.SI,Information Technology
ADVENTUS HOLDINGS LIMITED ,5EF.SI,Information Technology
AEM HOLDINGS LTD,AWX.SI,Information Technology
ANWELL TECHNOLOGIES LIMITED ,G5X.SI,Information Technology
ARTIVISION TECHNOLOGIES LTD.,5NK.SI,Information Technology
ASTI HOLDINGS LIMITED ,575.SI,Information Technology
AVI-TECH ELECTRONICS LIMITED ,BKY.SI,Information Technology
AZEUS SYSTEMS HOLDINGS LTD.,BBW.SI,Information Technology
BAN LEONG TECHNOLOGIES LIMITED ,B26.SI,Information Technology
BROADWAY INDUSTRIAL GROUP LTD ,B69.SI,Information Technology
CAPTII LIMITED,AWV.SI,Information Technology
CDW HOLDING LIMITED ,BXE.SI,Information Technology
CEI LIMITED ,AVV.SI,Information Technology
CHUAN HUP HOLDINGS LIMITED,C33.SI,Information Technology
CPH LTD ,539.SI,Information Technology
CREATIVE TECHNOLOGY LTD,C76.SI,Information Technology
CSE GLOBAL LTD,544.SI,Information Technology
DATAPULSE TECHNOLOGY LIMITED ,BKW.SI,Information Technology
DECLOUT LIMITED,5UZ.SI,Information Technology
DISA LIMITED ,532.SI,Information Technology
DRAGON GROUP INTL LIMITED ,MT1.SI,Information Technology
ELEC & ELTEK INT CO LTD ,E16.SI,Information Technology
ELLIPSIZ LTD ,BIX.SI,Information Technology
EUROPTRONIC GROUP LTD ,E23.SI,Information Technology
EXCELPOINT TECHNOLOGY LTD,BDF.SI,Information Technology
GLOBAL INVACOM GROUP LIMITED,QS9.SI,Information Technology
GLOBAL TESTING CORPORATION LTD,AYN.SI,Information Technology
GP INDUSTRIES LIMITED ,G20.SI,Information Technology
GRP LTD ,BLU.SI,Information Technology
GSH CORPORATION LIMITED ,BDX.SI,Information Technology
GSS ENERGY LIMITED,41F.SI,Information Technology
HI-P INTERNATIONAL LIMITED ,H17.SI,Information Technology
HUAN HSIN HOLDINGS LTD ,H16.SI,Information Technology
IFAST CORPORATION LTD. ,AIY.SI,Information Technology
INTERNATIONAL PRESS SOFTCOM,571.SI,Information Technology
IPS SECUREX HOLDINGS LIMITED,42N.SI,Information Technology
JADASON ENTERPRISES LTD,J03.SI,Information Technology
KARIN TECHNOLOGY HLDGS LIMITED,K29.SI,Information Technology
LCT HOLDINGS LIMITED ,BJL.SI,Information Technology
MARUWA CO. LTD,M12.SI,Information Technology
MDR LIMITED ,A27.SI,Information Technology
MEMTECH INTERNATIONAL LTD,BOL.SI,Information Technology
MFG INTEGRATION TECHNOLOGY LTD,M11.SI,Information Technology
MICRO-MECHANICS HOLDINGS,5DD.SI,Information Technology
MULTI-CHEM LIMITED,AWZ.SI,Information Technology
MURATA MFG CO. LTD 100 ,M20.SI,Information Technology
NERATELECOMMUNICATIONS LTD ,N01.SI,Information Technology
NTEGRATOR INTERNATIONAL LTD,5HC.SI,Information Technology
PCI LIMITED ,P19.SI,Information Technology
PLATO CAPITAL LIMITED ,5PI.SI,Information Technology
PNE INDUSTRIES LTD,BDA.SI,Information Technology
POWERMATIC DATA SYSTEMS LTD ,BCY.SI,Information Technology
PROCURRI CORPORATION LIMITED ,BVQ.SI,Information Technology
REGAL INTERNATIONAL GROUP LTD. ,UV1.SI,Information Technology
SERIAL SYSTEM LTD,S69.SI,Information Technology
SILVERLAKE AXIS LTD,5CP.SI,Information Technology
SINOCLOUD GROUP LIMITED ,5EK.SI,Information Technology
SMARTFLEX HOLDINGS LTD,5RE.SI,Information Technology
SUNRIGHT LTD,S71.SI,Information Technology
SUTL ENTERPRISE LIMITED ,BHU.SI,Information Technology
SWING MEDIA TECHNOLOGY GRP LTD ,BEV.SI,Information Technology
TELECHOICE INTERNATIONAL LTD,T41.SI,Information Technology
THE PLACE HOLDINGS LIMITED ,E27.SI,Information Technology
THE STRATECH GROUP LIMITED,BRR.SI,Information Technology
TPV TECHNOLOGY LIMITED ,T18.SI,Information Technology
TREK 2000 INT'L LTD,5AB.SI,Information Technology
UMS HOLDINGS LIMITED ,558.SI,Information Technology
VALUETRONICS HOLDINGS LIMITED,BN2.SI,Information Technology
VENTURE CORPORATION LIMITED ,V03.SI,Information Technology
WILLAS-ARRAY ELEC ,BDR.SI,Information Technology
YUUZOO CORPORATION LIMITED ,AFC.SI,Information Technology
ADVANCE SCT LIMITED ,5FH.SI,Materials
AGV GROUP LIMITED,1A4.SI,Materials
ALLIANCE MINERAL ASSETSLIMITED,40F.SI,Materials
ANCHOR RESOURCES LIMITED ,43E.SI,Materials
ANCHUN INTERNATIONAL HLDGS LTD ,BTX.SI,Materials
ANNAIK LIMITED,A52.SI,Materials
AP OIL INTERNATIONAL LIMITED ,5AU.SI,Materials
ASIAPHOS LIMITED,5WV.SI,Materials
BM MOBILITY LTD.,I9T.SI,Materials
CAPITAL WORLD LIMITED. ,1D5.SI,Materials
CHEMICAL INDUSTRIES FAR EAST,C05.SI,Materials
CHINA ENVIRONMENTAL RES GP LTD ,RS1.SI,Materials
CHINA MINING INTERNATIONAL LTD,BHD.SI,Materials
CHINA SUNSINE CHEM HLDGS LTD. ,CH8.SI,Materials
CNMC GOLDMINE HOLDINGS LIMITED,5TP.SI,Materials
DELONG HOLDINGS LIMITED ,BQO.SI,Materials
DYNAMIC COLOURS LIMITED ,D6U.SI,Materials
ENGRO CORPORATION LIMITED ,S44.SI,Materials
ENVIRO-HUB HOLDINGS LTD,L23.SI,Materials
FABCHEM CHINA LIMITED ,BFT.SI,Materials
FULL APEX ,BTY.SI,Materials
GCCP RESOURCES LIMITED ,41T.SI,Materials
INFINIO GROUP LIMITED ,5G4.SI,Materials
JIUTIAN CHEMICAL GROUP LIMITED,C8R.SI,Materials
KINGBOARD COPPER FOIL HDGS LTD,K14.SI,Materials
LEE METAL GROUP LTD ,593.SI,Materials
LHT HOLDINGS LIMITED ,BEI.SI,Materials
LION ASIAPAC LTD,BAZ.SI,Materials
LIONGOLD CORP LTD,A78.SI,Materials
LTC CORPORATION LIMITED ,L17.SI,Materials
MALAYSIA SMELTING CORP BHD 100,NC9.SI,Materials
MATEX INTERNATIONAL LIMITED ,M15.SI,Materials
MEGHMANI ORGANICS LIMITED ,M30.SI,Materials
MEMSTAR TECHNOLOGY LTD.,5MS.SI,Materials
MIDAS HLDGS LIMITED ,5EN.SI,Materials
NEW TOYO INT HLDGS LTD ,N08.SI,Materials
NICO STEEL HOLDINGS LIMITED,5GF.SI,Materials
NSL LTD. ,N02.SI,Materials
OLIVE TREE ESTATES LIMITED ,1H2.SI,Materials
ORIENTAL GROUP LTD. ,5FI.SI,Materials
SAMKO TIMBER LIMITED ,E6R.SI,Materials
SAMURAI 2K AEROSOL LIMITED,1C3.SI,Materials
SINJIA LAND LIMITED,5HH.SI,Materials
SOUTHERN PACKAGING GROUP LTD ,BQP.SI,Materials
STRAITS TRADING CO. LTD ,S20.SI,Materials
SUNVIC CHEMICAL HOLDINGS LTD,A7S.SI,Materials
TAT SENG PACKAGING GROUP LTD ,T12.SI,Materials
TRANSIT-MIXED CONCRETE LTD,570.SI,Materials
UNITED GLOBAL LIMITED ,43P.SI,Materials
UPP HOLDINGS LIMITED ,U09.SI,Materials
WILTON RESOURCES CORP LIMITED ,5F7.SI,Materials
3CNERGY LIMITED,502.SI,Real Estate
AIMS PROPERTY SECURITIES FUND,BVP.SI,Real Estate
AMPLEFIELD LIMITED,AOF.SI,Real Estate
APAC REALTY LIMITED,CLN.SI,Real Estate
ASCENDAS INDIA TRUST ,CY6U.SI,Real Estate
ASPEN GROUP,1F3.SI,Real Estate
ASPIAL CORPORATION LIMITED ,A30.SI,Real Estate
BUKIT SEMBAWANG ESTATES LTD ,B61.SI,Real Estate
BUND CENTER INVESTMENT LTD,BTE.SI,Real Estate
CAPITALAND LIMITED,C31.SI,Real Estate
CHINA YUANBANG PROP HLDGS LTD,BCD.SI,Real Estate
CITY DEVELOPMENTS LIMITED ,C09.SI,Real Estate
CWG INTERNATIONAL LTD. ,ACW.SI,Real Estate
DASIN RETAIL TRUST,CEDU.SI,Real Estate
DEBAO PROPERTY DEVELOPMENT LTD,BTF.SI,Real Estate
EMERGING TOWNS&CITIES SING LTD ,1C0.SI,Real Estate
FAR EAST ORCHARD LIMITED ,O10.SI,Real Estate
FIRST SPONSOR GROUP LIMITED,ADN.SI,Real Estate
FRAGRANCE GROUP LIMITED ,F31.SI,Real Estate
FRASERS PROPERTY LIMITED ,TQ5.SI,Real Estate
GOODLAND GROUP LIMITED ,5PC.SI,Real Estate
GUOCOLAND LIMITED,F17.SI,Real Estate
HATTEN LAND LIMITED ,PH0.SI,Real Estate
HEETON HOLDINGS LIMITED ,5DP.SI,Real Estate
HIAP HOE LIMITED,5JK.SI,Real Estate
HO BEE LAND LIMITED,H13.SI,Real Estate
HONG FOK CORPORATION LTD,H30.SI,Real Estate
HONGKONG LAND HOLDINGS LIMITED,H78.SI,Real Estate
HWA HONG CORPORATION LIMITED ,H19.SI,Real Estate
IMPERIUM CROWN LIMITED ,5HT.SI,Real Estate
IPC CORPORATION LIMITED ,AZA.SI,Real Estate
LAFE CORPORATION LIMITED ,AYB.SI,Real Estate
LHN LIMITED ,41O.SI,Real Estate
MYP LTD. ,F86.SI,Real Estate
OCEAN SKY INTERNATIONAL LTD,1B6.SI,Real Estate
OXLEY HOLDINGS LIMITED ,5UX.SI,Real Estate
PACIFIC STAR DEVELOPMENT LTD,1C5.SI,Real Estate
PAN HONG HOLDINGS GROUP LTD ,P36.SI,Real Estate
PERENNIAL REAL ESTATE HLDGSLTD,40S.SI,Real Estate
POLLUX PROPERTIES LTD. ,5AE.SI,Real Estate
ROXY-PACIFIC HOLDINGS LIMITED,E8Z.SI,Real Estate
SINARMAS LAND LIMITED ,A26.SI,Real Estate
SING HOLDINGS LIMITED ,5IC.SI,Real Estate
SINGHAIYI GROUP LTD. ,5H0.SI,Real Estate
STARLAND HOLDINGS LIMITED ,5UA.SI,Real Estate
TEE LAND LIMITED,S9B.SI,Real Estate
TOP GLOBAL LIMITED,BHO.SI,Real Estate
TUAN SING HOLDINGS LIMITED ,T24.SI,Real Estate
UNITED INDUSTRIAL CORP LTD ,U06.SI,Real Estate
UNITED OVERSEAS AUSTRALIA LTD,EH5.SI,Real Estate
UOL GROUP LIMITED,U14.SI,Real Estate
WEIYE HOLDINGS LIMITED ,BMA.SI,Real Estate
WHEELOCK PROPERTIES ,M35.SI,Real Estate
WING TAI HLDGS LTD,W05.SI,Real Estate
WORLD CLASS GLOBAL LIMITED,1E6.SI,Real Estate
YANLORD LAND GROUP LIMITED,Z25.SI,Real Estate
YING LI INTL REAL ESTATE LTD ,5DM.SI,Real Estate
YOMA STRATEGIC HOLDINGS LTD,Z59.SI,Real Estate
ACE ACHIEVE INFOCOM LIMITED,A75.SI,Telecommunications
M1 LIMITED ,B2F.SI,Telecommunications
NETLINK NBN TRUST,CJLU.SI,Telecommunications
NGSC LIMITED ,B07.SI,Telecommunications
POLARIS LTD. ,5BI.SI,Telecommunications
S I2I LIMITED ,BAI.SI,Telecommunications
SINGTEL ,Z74.SI,Telecommunications
STARHUB LTD ,CC3.SI,Telecommunications
YINDA INFOCOMM LIMITED ,42F.SI,Telecommunications
AUSNET SERVICES LTD ,AZI.SI,Utilities
C&G ENV PROTECT HLDGS LTD ,D79.SI,Utilities
CHINA EVERBRIGHT WATER LIMITED,U9E.SI,Utilities
CHINA INTERNATIONAL HLDGS LTD ,BEH.SI,Utilities
CHINA JINJIANG ENV HLDG CO LTD,BWM.SI,Utilities
HYFLUX LTD ,600.SI,Utilities
IPCO INT'L LIMITED,I11.SI,Utilities
KEPPEL INFRA TRUST WEF 2015 ,A7RU.SI,Utilities
RENEWABLE ENERGY ASIA GRP LTD,5DW.SI,Utilities
SIIC ENVIRONMENT HOLDINGS LTD.,BHK.SI,Utilities
UNION GAS HOLDINGS LIMITED ,1F2.SI,Utilities
